"","X","year","code","value","system","subtype"
"1",21000,1951,"AKCLIM_EBS_ebs.win.sst",-1.446198498,"EBS","climate"
"2",31000,1952,"AKCLIM_EBS_ebs.win.sst",-1.110112844,"EBS","climate"
"3",41000,1953,"AKCLIM_EBS_ebs.win.sst",-0.973945413,"EBS","climate"
"4",5100,1954,"AKCLIM_EBS_ebs.win.sst",-1.317336973,"EBS","climate"
"5",6100,1955,"AKCLIM_EBS_ebs.win.sst",-0.965570446,"EBS","climate"
"6",7100,1956,"AKCLIM_EBS_ebs.win.sst",-1.649807947,"EBS","climate"
"7",8100,1957,"AKCLIM_EBS_ebs.win.sst",-1.786447329,"EBS","climate"
"8",9100,1958,"AKCLIM_EBS_ebs.win.sst",0.485323667,"EBS","climate"
"9",10100,1959,"AKCLIM_EBS_ebs.win.sst",-0.371068949,"EBS","climate"
"10",11100,1960,"AKCLIM_EBS_ebs.win.sst",-0.638915001,"EBS","climate"
"11",12100,1961,"AKCLIM_EBS_ebs.win.sst",-0.920435547,"EBS","climate"
"12",13100,1962,"AKCLIM_EBS_ebs.win.sst",-0.655692571,"EBS","climate"
"13",14100,1963,"AKCLIM_EBS_ebs.win.sst",-0.586983642,"EBS","climate"
"14",15100,1964,"AKCLIM_EBS_ebs.win.sst",-0.470819415,"EBS","climate"
"15",16100,1965,"AKCLIM_EBS_ebs.win.sst",-0.700787453,"EBS","climate"
"16",17100,1966,"AKCLIM_EBS_ebs.win.sst",-0.262366581,"EBS","climate"
"17",18100,1967,"AKCLIM_EBS_ebs.win.sst",-0.462433932,"EBS","climate"
"18",19100,1968,"AKCLIM_EBS_ebs.win.sst",-0.420150233,"EBS","climate"
"19",20100,1969,"AKCLIM_EBS_ebs.win.sst",-0.371487295,"EBS","climate"
"20",21100,1970,"AKCLIM_EBS_ebs.win.sst",-0.169224617,"EBS","climate"
"21",22100,1971,"AKCLIM_EBS_ebs.win.sst",-0.573356622,"EBS","climate"
"22",23100,1972,"AKCLIM_EBS_ebs.win.sst",-1.06304158,"EBS","climate"
"23",24100,1973,"AKCLIM_EBS_ebs.win.sst",-0.526706312,"EBS","climate"
"24",25100,1974,"AKCLIM_EBS_ebs.win.sst",-0.400020168,"EBS","climate"
"25",26100,1975,"AKCLIM_EBS_ebs.win.sst",-0.351806829,"EBS","climate"
"26",27100,1976,"AKCLIM_EBS_ebs.win.sst",-0.878353537,"EBS","climate"
"27",28100,1977,"AKCLIM_EBS_ebs.win.sst",0.233437441,"EBS","climate"
"28",29100,1978,"AKCLIM_EBS_ebs.win.sst",0.216127391,"EBS","climate"
"29",30100,1979,"AKCLIM_EBS_ebs.win.sst",0.849350632,"EBS","climate"
"30",31100,1980,"AKCLIM_EBS_ebs.win.sst",0.446375859,"EBS","climate"
"31",32100,1981,"AKCLIM_EBS_ebs.win.sst",-0.047892604,"EBS","climate"
"32",33100,1982,"AKCLIM_EBS_ebs.win.sst",0.464287772,"EBS","climate"
"33",34100,1983,"AKCLIM_EBS_ebs.win.sst",-0.205401062,"EBS","climate"
"34",35100,1984,"AKCLIM_EBS_ebs.win.sst",0.760297249,"EBS","climate"
"35",36100,1985,"AKCLIM_EBS_ebs.win.sst",1.089633983,"EBS","climate"
"36",37100,1986,"AKCLIM_EBS_ebs.win.sst",0.372626216,"EBS","climate"
"37",38100,1987,"AKCLIM_EBS_ebs.win.sst",1.14561051,"EBS","climate"
"38",39100,1988,"AKCLIM_EBS_ebs.win.sst",0.77379188,"EBS","climate"
"39",40100,1989,"AKCLIM_EBS_ebs.win.sst",0.328522371,"EBS","climate"
"40",41100,1990,"AKCLIM_EBS_ebs.win.sst",0.158086501,"EBS","climate"
"41",42100,1991,"AKCLIM_EBS_ebs.win.sst",0.282324112,"EBS","climate"
"42",43100,1992,"AKCLIM_EBS_ebs.win.sst",0.502917632,"EBS","climate"
"43",44100,1993,"AKCLIM_EBS_ebs.win.sst",0.157915319,"EBS","climate"
"44",45100,1994,"AKCLIM_EBS_ebs.win.sst",0.836856794,"EBS","climate"
"45",46100,1995,"AKCLIM_EBS_ebs.win.sst",0.124459878,"EBS","climate"
"46",47100,1996,"AKCLIM_EBS_ebs.win.sst",0.65155375,"EBS","climate"
"47",48100,1997,"AKCLIM_EBS_ebs.win.sst",0.495235023,"EBS","climate"
"48",49100,1998,"AKCLIM_EBS_ebs.win.sst",0.568922254,"EBS","climate"
"49",5087,1999,"AKCLIM_EBS_ebs.win.sst",0.323903906,"EBS","climate"
"50",5110,2000,"AKCLIM_EBS_ebs.win.sst",-0.712207963,"EBS","climate"
"51",5210,2001,"AKCLIM_EBS_ebs.win.sst",1.743567185,"EBS","climate"
"52",5310,2002,"AKCLIM_EBS_ebs.win.sst",0.371815889,"EBS","climate"
"53",5410,2003,"AKCLIM_EBS_ebs.win.sst",1.822491272,"EBS","climate"
"54",5510,2004,"AKCLIM_EBS_ebs.win.sst",0.997367896,"EBS","climate"
"55",5610,2005,"AKCLIM_EBS_ebs.win.sst",0.702228557,"EBS","climate"
"56",5710,2006,"AKCLIM_EBS_ebs.win.sst",-0.070927383,"EBS","climate"
"57",5810,2007,"AKCLIM_EBS_ebs.win.sst",-0.0325313,"EBS","climate"
"58",5910,2008,"AKCLIM_EBS_ebs.win.sst",-0.179904906,"EBS","climate"
"59",6010,2009,"AKCLIM_EBS_ebs.win.sst",-0.394003862,"EBS","climate"
"60",6110,2010,"AKCLIM_EBS_ebs.win.sst",-0.159867534,"EBS","climate"
"61",6210,2011,"AKCLIM_EBS_ebs.win.sst",0.712818299,"EBS","climate"
"62",6310,2012,"AKCLIM_EBS_ebs.win.sst",-0.503299705,"EBS","climate"
"63",6410,2013,"AKCLIM_EBS_ebs.win.sst",-0.371766297,"EBS","climate"
"64",6510,2014,"AKCLIM_EBS_ebs.win.sst",0.45926358,"EBS","climate"
"65",6610,2015,"AKCLIM_EBS_ebs.win.sst",1.519068262,"EBS","climate"
"66",6710,2016,"AKCLIM_EBS_ebs.win.sst",1.470522967,"EBS","climate"
"67",6810,1950,"AKCLIM_EBS_ebs.spr.sst",-0.607947471,"EBS","climate"
"68",6910,1951,"AKCLIM_EBS_ebs.spr.sst",-0.91012786,"EBS","climate"
"69",7010,1952,"AKCLIM_EBS_ebs.spr.sst",-0.901510989,"EBS","climate"
"70",7110,1953,"AKCLIM_EBS_ebs.spr.sst",-0.186847831,"EBS","climate"
"71",7210,1954,"AKCLIM_EBS_ebs.spr.sst",-0.737083412,"EBS","climate"
"72",7310,1955,"AKCLIM_EBS_ebs.spr.sst",-0.952802423,"EBS","climate"
"73",7410,1956,"AKCLIM_EBS_ebs.spr.sst",-0.093285308,"EBS","climate"
"74",7510,1957,"AKCLIM_EBS_ebs.spr.sst",0.442248107,"EBS","climate"
"75",7610,1958,"AKCLIM_EBS_ebs.spr.sst",1.780021516,"EBS","climate"
"76",7710,1959,"AKCLIM_EBS_ebs.spr.sst",-0.591358468,"EBS","climate"
"77",7810,1960,"AKCLIM_EBS_ebs.spr.sst",-0.245860716,"EBS","climate"
"78",7910,1961,"AKCLIM_EBS_ebs.spr.sst",-0.063449306,"EBS","climate"
"79",8010,1962,"AKCLIM_EBS_ebs.spr.sst",-0.911770106,"EBS","climate"
"80",8110,1963,"AKCLIM_EBS_ebs.spr.sst",-0.391320872,"EBS","climate"
"81",8210,1964,"AKCLIM_EBS_ebs.spr.sst",0.127014321,"EBS","climate"
"82",8310,1965,"AKCLIM_EBS_ebs.spr.sst",-0.942048911,"EBS","climate"
"83",8410,1966,"AKCLIM_EBS_ebs.spr.sst",-0.31134251,"EBS","climate"
"84",8510,1967,"AKCLIM_EBS_ebs.spr.sst",1.176296918,"EBS","climate"
"85",8610,1968,"AKCLIM_EBS_ebs.spr.sst",-0.409212519,"EBS","climate"
"86",8710,1969,"AKCLIM_EBS_ebs.spr.sst",-0.14343122,"EBS","climate"
"87",8810,1970,"AKCLIM_EBS_ebs.spr.sst",0.093484791,"EBS","climate"
"88",8910,1971,"AKCLIM_EBS_ebs.spr.sst",-1.517454187,"EBS","climate"
"89",9010,1972,"AKCLIM_EBS_ebs.spr.sst",-1.465272148,"EBS","climate"
"90",9110,1973,"AKCLIM_EBS_ebs.spr.sst",-0.887578219,"EBS","climate"
"91",9210,1974,"AKCLIM_EBS_ebs.spr.sst",-0.110167344,"EBS","climate"
"92",9310,1975,"AKCLIM_EBS_ebs.spr.sst",-1.138420416,"EBS","climate"
"93",9410,1976,"AKCLIM_EBS_ebs.spr.sst",-1.126525402,"EBS","climate"
"94",9510,1977,"AKCLIM_EBS_ebs.spr.sst",0.094148844,"EBS","climate"
"95",9610,1978,"AKCLIM_EBS_ebs.spr.sst",0.741128521,"EBS","climate"
"96",9710,1979,"AKCLIM_EBS_ebs.spr.sst",1.164320308,"EBS","climate"
"97",9810,1980,"AKCLIM_EBS_ebs.spr.sst",-0.076876263,"EBS","climate"
"98",9910,1981,"AKCLIM_EBS_ebs.spr.sst",1.613349186,"EBS","climate"
"99",10010,1982,"AKCLIM_EBS_ebs.spr.sst",-0.411883616,"EBS","climate"
"100",10110,1983,"AKCLIM_EBS_ebs.spr.sst",1.083201619,"EBS","climate"
"101",10210,1984,"AKCLIM_EBS_ebs.spr.sst",0.153295955,"EBS","climate"
"102",10310,1985,"AKCLIM_EBS_ebs.spr.sst",-0.816008931,"EBS","climate"
"103",10410,1986,"AKCLIM_EBS_ebs.spr.sst",-0.32478801,"EBS","climate"
"104",10510,1987,"AKCLIM_EBS_ebs.spr.sst",0.6636949,"EBS","climate"
"105",10610,1988,"AKCLIM_EBS_ebs.spr.sst",-0.10001992,"EBS","climate"
"106",10710,1989,"AKCLIM_EBS_ebs.spr.sst",0.25514767,"EBS","climate"
"107",10810,1990,"AKCLIM_EBS_ebs.spr.sst",0.263450592,"EBS","climate"
"108",10910,1991,"AKCLIM_EBS_ebs.spr.sst",-0.550545351,"EBS","climate"
"109",11010,1992,"AKCLIM_EBS_ebs.spr.sst",0.12885296,"EBS","climate"
"110",11110,1993,"AKCLIM_EBS_ebs.spr.sst",0.936682979,"EBS","climate"
"111",11210,1994,"AKCLIM_EBS_ebs.spr.sst",0.229055064,"EBS","climate"
"112",11310,1995,"AKCLIM_EBS_ebs.spr.sst",-0.481456605,"EBS","climate"
"113",11410,1996,"AKCLIM_EBS_ebs.spr.sst",0.838561359,"EBS","climate"
"114",11510,1997,"AKCLIM_EBS_ebs.spr.sst",0.56073225,"EBS","climate"
"115",11610,1998,"AKCLIM_EBS_ebs.spr.sst",0.254500191,"EBS","climate"
"116",11710,1999,"AKCLIM_EBS_ebs.spr.sst",-0.85821084,"EBS","climate"
"117",11810,2000,"AKCLIM_EBS_ebs.spr.sst",0.320145474,"EBS","climate"
"118",11910,2001,"AKCLIM_EBS_ebs.spr.sst",0.959132853,"EBS","climate"
"119",12010,2002,"AKCLIM_EBS_ebs.spr.sst",0.925953758,"EBS","climate"
"120",12110,2003,"AKCLIM_EBS_ebs.spr.sst",1.971622232,"EBS","climate"
"121",12210,2004,"AKCLIM_EBS_ebs.spr.sst",0.787005522,"EBS","climate"
"122",12310,2005,"AKCLIM_EBS_ebs.spr.sst",0.678660421,"EBS","climate"
"123",12410,2006,"AKCLIM_EBS_ebs.spr.sst",-0.272223613,"EBS","climate"
"124",12510,2007,"AKCLIM_EBS_ebs.spr.sst",-0.958689395,"EBS","climate"
"125",12610,2008,"AKCLIM_EBS_ebs.spr.sst",-0.931024954,"EBS","climate"
"126",12710,2009,"AKCLIM_EBS_ebs.spr.sst",-0.778761232,"EBS","climate"
"127",12810,2010,"AKCLIM_EBS_ebs.spr.sst",-0.971777502,"EBS","climate"
"128",12910,2011,"AKCLIM_EBS_ebs.spr.sst",0.211946866,"EBS","climate"
"129",13010,2012,"AKCLIM_EBS_ebs.spr.sst",-0.942910513,"EBS","climate"
"130",13110,2013,"AKCLIM_EBS_ebs.spr.sst",-0.160837131,"EBS","climate"
"131",13210,2014,"AKCLIM_EBS_ebs.spr.sst",0.772827036,"EBS","climate"
"132",13310,2015,"AKCLIM_EBS_ebs.spr.sst",1.698755717,"EBS","climate"
"133",13410,2016,"AKCLIM_EBS_ebs.spr.sst",2.355593582,"EBS","climate"
"134",13510,1950,"AKCLIM_EBS_EBSwinSE",0.140860215,"EBS","climate"
"135",13610,1951,"AKCLIM_EBS_EBSwinSE",0.159326311,"EBS","climate"
"136",13710,1952,"AKCLIM_EBS_EBSwinSE",0.193315324,"EBS","climate"
"137",13810,1953,"AKCLIM_EBS_EBSwinSE",0.188457318,"EBS","climate"
"138",13910,1954,"AKCLIM_EBS_EBSwinSE",0.188983981,"EBS","climate"
"139",14010,1955,"AKCLIM_EBS_EBSwinSE",0.195918367,"EBS","climate"
"140",14110,1956,"AKCLIM_EBS_EBSwinSE",0.243535145,"EBS","climate"
"141",14210,1957,"AKCLIM_EBS_EBSwinSE",0.130107527,"EBS","climate"
"142",14310,1958,"AKCLIM_EBS_EBSwinSE",0.122865921,"EBS","climate"
"143",14410,1959,"AKCLIM_EBS_EBSwinSE",0.16374808,"EBS","climate"
"144",14510,1960,"AKCLIM_EBS_EBSwinSE",0.122766036,"EBS","climate"
"145",14610,1961,"AKCLIM_EBS_EBSwinSE",0.18418916,"EBS","climate"
"146",14710,1962,"AKCLIM_EBS_EBSwinSE",0.150109721,"EBS","climate"
"147",14810,1963,"AKCLIM_EBS_EBSwinSE",0.173985078,"EBS","climate"
"148",14910,1964,"AKCLIM_EBS_EBSwinSE",0.226834048,"EBS","climate"
"149",15010,1965,"AKCLIM_EBS_EBSwinSE",0.184529296,"EBS","climate"
"150",15110,1966,"AKCLIM_EBS_EBSwinSE",0.140004389,"EBS","climate"
"151",15210,1967,"AKCLIM_EBS_EBSwinSE",0.159359228,"EBS","climate"
"152",15310,1968,"AKCLIM_EBS_EBSwinSE",0.178844218,"EBS","climate"
"153",15410,1969,"AKCLIM_EBS_EBSwinSE",0.127781435,"EBS","climate"
"154",15510,1970,"AKCLIM_EBS_EBSwinSE",0.117390827,"EBS","climate"
"155",15610,1971,"AKCLIM_EBS_EBSwinSE",0.17512618,"EBS","climate"
"156",15710,1972,"AKCLIM_EBS_EBSwinSE",0.173139467,"EBS","climate"
"157",15810,1973,"AKCLIM_EBS_EBSwinSE",0.227079219,"EBS","climate"
"158",15910,1974,"AKCLIM_EBS_EBSwinSE",0.214461268,"EBS","climate"
"159",16010,1975,"AKCLIM_EBS_EBSwinSE",0.199001536,"EBS","climate"
"160",16110,1976,"AKCLIM_EBS_EBSwinSE",0.243995974,"EBS","climate"
"161",16210,1977,"AKCLIM_EBS_EBSwinSE",0.155244679,"EBS","climate"
"162",16310,1978,"AKCLIM_EBS_EBSwinSE",0.097695853,"EBS","climate"
"163",16410,1979,"AKCLIM_EBS_EBSwinSE",0.088479263,"EBS","climate"
"164",16510,1980,"AKCLIM_EBS_EBSwinSE",0.165490757,"EBS","climate"
"165",16610,1981,"AKCLIM_EBS_EBSwinSE",0.142593812,"EBS","climate"
"166",16710,1982,"AKCLIM_EBS_EBSwinSE",0.207164801,"EBS","climate"
"167",16810,1983,"AKCLIM_EBS_EBSwinSE",0.101996928,"EBS","climate"
"168",16910,1984,"AKCLIM_EBS_EBSwinSE",0.147068171,"EBS","climate"
"169",17010,1985,"AKCLIM_EBS_EBSwinSE",0.17852754,"EBS","climate"
"170",17110,1986,"AKCLIM_EBS_EBSwinSE",0.192604784,"EBS","climate"
"171",17210,1987,"AKCLIM_EBS_EBSwinSE",0.084825543,"EBS","climate"
"172",17310,1988,"AKCLIM_EBS_EBSwinSE",0.192822713,"EBS","climate"
"173",17410,1989,"AKCLIM_EBS_EBSwinSE",0.149001536,"EBS","climate"
"174",17510,1990,"AKCLIM_EBS_EBSwinSE",0.150296248,"EBS","climate"
"175",17610,1991,"AKCLIM_EBS_EBSwinSE",0.189137591,"EBS","climate"
"176",17710,1992,"AKCLIM_EBS_EBSwinSE",0.155055882,"EBS","climate"
"177",17810,1993,"AKCLIM_EBS_EBSwinSE",0.13208251,"EBS","climate"
"178",17910,1994,"AKCLIM_EBS_EBSwinSE",0.19649989,"EBS","climate"
"179",18010,1995,"AKCLIM_EBS_EBSwinSE",0.249659864,"EBS","climate"
"180",18110,1996,"AKCLIM_EBS_EBSwinSE",0.103554214,"EBS","climate"
"181",18210,1997,"AKCLIM_EBS_EBSwinSE",0.164614878,"EBS","climate"
"182",18310,1998,"AKCLIM_EBS_EBSwinSE",0.108514373,"EBS","climate"
"183",18410,1999,"AKCLIM_EBS_EBSwinSE",0.226771999,"EBS","climate"
"184",18510,2000,"AKCLIM_EBS_EBSwinSE",0.204454685,"EBS","climate"
"185",18610,2001,"AKCLIM_EBS_EBSwinSE",0.078801843,"EBS","climate"
"186",18710,2002,"AKCLIM_EBS_EBSwinSE",0.219936362,"EBS","climate"
"187",18810,2003,"AKCLIM_EBS_EBSwinSE",0.146247531,"EBS","climate"
"188",18910,2004,"AKCLIM_EBS_EBSwinSE",0.139652524,"EBS","climate"
"189",19010,2005,"AKCLIM_EBS_EBSwinSE",0.144886987,"EBS","climate"
"190",19110,2006,"AKCLIM_EBS_EBSwinSE",0.229438227,"EBS","climate"
"191",19210,2007,"AKCLIM_EBS_EBSwinSE",0.280283081,"EBS","climate"
"192",19310,2008,"AKCLIM_EBS_EBSwinSE",0.300095344,"EBS","climate"
"193",19410,2009,"AKCLIM_EBS_EBSwinSE",0.221362739,"EBS","climate"
"194",19510,2010,"AKCLIM_EBS_EBSwinSE",0.210006583,"EBS","climate"
"195",19610,2011,"AKCLIM_EBS_EBSwinSE",0.22986614,"EBS","climate"
"196",19710,2012,"AKCLIM_EBS_EBSwinSE",0.271613963,"EBS","climate"
"197",19810,2013,"AKCLIM_EBS_EBSwinSE",0.203730524,"EBS","climate"
"198",19910,2014,"AKCLIM_EBS_EBSwinSE",0.123666886,"EBS","climate"
"199",20010,2015,"AKCLIM_EBS_EBSwinSE",0.126607417,"EBS","climate"
"200",20110,2016,"AKCLIM_EBS_EBSwinSE",0.126728111,"EBS","climate"
"201",20210,1950,"AKCLIM_EBS_EBSwinNW",0.228176432,"EBS","climate"
"202",20310,1951,"AKCLIM_EBS_EBSwinNW",0.104772877,"EBS","climate"
"203",20410,1952,"AKCLIM_EBS_EBSwinNW",0.224937762,"EBS","climate"
"204",20510,1953,"AKCLIM_EBS_EBSwinNW",0.131742374,"EBS","climate"
"205",20610,1954,"AKCLIM_EBS_EBSwinNW",0.164274742,"EBS","climate"
"206",20710,1955,"AKCLIM_EBS_EBSwinNW",0.102797893,"EBS","climate"
"207",20810,1956,"AKCLIM_EBS_EBSwinNW",0.121987393,"EBS","climate"
"208",20910,1957,"AKCLIM_EBS_EBSwinNW",0.184342769,"EBS","climate"
"209",21010,1958,"AKCLIM_EBS_EBSwinNW",0.155058152,"EBS","climate"
"210",21110,1959,"AKCLIM_EBS_EBSwinNW",0.147048497,"EBS","climate"
"211",21210,1960,"AKCLIM_EBS_EBSwinNW",0.136940516,"EBS","climate"
"212",21310,1961,"AKCLIM_EBS_EBSwinNW",0.149615975,"EBS","climate"
"213",21410,1962,"AKCLIM_EBS_EBSwinNW",0.170945798,"EBS","climate"
"214",21510,1963,"AKCLIM_EBS_EBSwinNW",0.139697169,"EBS","climate"
"215",21610,1964,"AKCLIM_EBS_EBSwinNW",0.13103978,"EBS","climate"
"216",21710,1965,"AKCLIM_EBS_EBSwinNW",0.126486724,"EBS","climate"
"217",21810,1966,"AKCLIM_EBS_EBSwinNW",0.142933948,"EBS","climate"
"218",21910,1967,"AKCLIM_EBS_EBSwinNW",0.218268598,"EBS","climate"
"219",22010,1968,"AKCLIM_EBS_EBSwinNW",0.129964511,"EBS","climate"
"220",22110,1969,"AKCLIM_EBS_EBSwinNW",0.192264648,"EBS","climate"
"221",22210,1970,"AKCLIM_EBS_EBSwinNW",0.12682686,"EBS","climate"
"222",22310,1971,"AKCLIM_EBS_EBSwinNW",0.122032039,"EBS","climate"
"223",22410,1972,"AKCLIM_EBS_EBSwinNW",0.14136342,"EBS","climate"
"224",22510,1973,"AKCLIM_EBS_EBSwinNW",0.16395655,"EBS","climate"
"225",22610,1974,"AKCLIM_EBS_EBSwinNW",0.150449857,"EBS","climate"
"226",22710,1975,"AKCLIM_EBS_EBSwinNW",0.128648233,"EBS","climate"
"227",22810,1976,"AKCLIM_EBS_EBSwinNW",0.089411515,"EBS","climate"
"228",22910,1977,"AKCLIM_EBS_EBSwinNW",0.071900373,"EBS","climate"
"229",23010,1978,"AKCLIM_EBS_EBSwinNW",0.208711872,"EBS","climate"
"230",23110,1979,"AKCLIM_EBS_EBSwinNW",0.252128593,"EBS","climate"
"231",23210,1980,"AKCLIM_EBS_EBSwinNW",0.116621643,"EBS","climate"
"232",23310,1981,"AKCLIM_EBS_EBSwinNW",0.131928901,"EBS","climate"
"233",23410,1982,"AKCLIM_EBS_EBSwinNW",0.17667325,"EBS","climate"
"234",23510,1983,"AKCLIM_EBS_EBSwinNW",0.145962256,"EBS","climate"
"235",23610,1984,"AKCLIM_EBS_EBSwinNW",0.134562212,"EBS","climate"
"236",23710,1985,"AKCLIM_EBS_EBSwinNW",0.131709458,"EBS","climate"
"237",23810,1986,"AKCLIM_EBS_EBSwinNW",0.223337722,"EBS","climate"
"238",23910,1987,"AKCLIM_EBS_EBSwinNW",0.207384244,"EBS","climate"
"239",24010,1988,"AKCLIM_EBS_EBSwinNW",0.153631019,"EBS","climate"
"240",24110,1989,"AKCLIM_EBS_EBSwinNW",0.18409041,"EBS","climate"
"241",24210,1990,"AKCLIM_EBS_EBSwinNW",0.103138029,"EBS","climate"
"242",24310,1991,"AKCLIM_EBS_EBSwinNW",0.116008339,"EBS","climate"
"243",24410,1992,"AKCLIM_EBS_EBSwinNW",0.146453732,"EBS","climate"
"244",24510,1993,"AKCLIM_EBS_EBSwinNW",0.156265087,"EBS","climate"
"245",24610,1994,"AKCLIM_EBS_EBSwinNW",0.175499232,"EBS","climate"
"246",24710,1995,"AKCLIM_EBS_EBSwinNW",0.12317314,"EBS","climate"
"247",24810,1996,"AKCLIM_EBS_EBSwinNW",0.182880449,"EBS","climate"
"248",24910,1997,"AKCLIM_EBS_EBSwinNW",0.15638578,"EBS","climate"
"249",25010,1998,"AKCLIM_EBS_EBSwinNW",0.108174237,"EBS","climate"
"250",25110,1999,"AKCLIM_EBS_EBSwinNW",0.161981567,"EBS","climate"
"251",25210,2000,"AKCLIM_EBS_EBSwinNW",0.176646009,"EBS","climate"
"252",25310,2001,"AKCLIM_EBS_EBSwinNW",0.194426158,"EBS","climate"
"253",25410,2002,"AKCLIM_EBS_EBSwinNW",0.179427255,"EBS","climate"
"254",25510,2003,"AKCLIM_EBS_EBSwinNW",0.140432302,"EBS","climate"
"255",25610,2004,"AKCLIM_EBS_EBSwinNW",0.178526405,"EBS","climate"
"256",25710,2005,"AKCLIM_EBS_EBSwinNW",0.151623875,"EBS","climate"
"257",25810,2006,"AKCLIM_EBS_EBSwinNW",0.170923853,"EBS","climate"
"258",25910,2007,"AKCLIM_EBS_EBSwinNW",0.156758833,"EBS","climate"
"259",26010,2008,"AKCLIM_EBS_EBSwinNW",0.121658986,"EBS","climate"
"260",26110,2009,"AKCLIM_EBS_EBSwinNW",0.157713408,"EBS","climate"
"261",26210,2010,"AKCLIM_EBS_EBSwinNW",0.148694316,"EBS","climate"
"262",26310,2011,"AKCLIM_EBS_EBSwinNW",0.138512179,"EBS","climate"
"263",26410,2012,"AKCLIM_EBS_EBSwinNW",0.146300122,"EBS","climate"
"264",26510,2013,"AKCLIM_EBS_EBSwinNW",0.088325653,"EBS","climate"
"265",26610,2014,"AKCLIM_EBS_EBSwinNW",0.103138029,"EBS","climate"
"266",26710,2015,"AKCLIM_EBS_EBSwinNW",0.136778582,"EBS","climate"
"267",26810,2016,"AKCLIM_EBS_EBSwinNW",0.089453891,"EBS","climate"
"268",26910,1950,"AKCLIM_EBS_EBSsumSE",0.215913978,"EBS","climate"
"269",27010,1951,"AKCLIM_EBS_EBSsumSE",0.144301075,"EBS","climate"
"270",27110,1952,"AKCLIM_EBS_EBSsumSE",0.20344086,"EBS","climate"
"271",27210,1953,"AKCLIM_EBS_EBSsumSE",0.210322581,"EBS","climate"
"272",27310,1954,"AKCLIM_EBS_EBSsumSE",0.124516129,"EBS","climate"
"273",27410,1955,"AKCLIM_EBS_EBSsumSE",0.235053763,"EBS","climate"
"274",27510,1956,"AKCLIM_EBS_EBSsumSE",0.261505376,"EBS","climate"
"275",27610,1957,"AKCLIM_EBS_EBSsumSE",0.176344086,"EBS","climate"
"276",27710,1958,"AKCLIM_EBS_EBSsumSE",0.227526882,"EBS","climate"
"277",27810,1959,"AKCLIM_EBS_EBSsumSE",0.288817204,"EBS","climate"
"278",27910,1960,"AKCLIM_EBS_EBSsumSE",0.28172043,"EBS","climate"
"279",28010,1961,"AKCLIM_EBS_EBSsumSE",0.16344086,"EBS","climate"
"280",28110,1962,"AKCLIM_EBS_EBSsumSE",0.308602151,"EBS","climate"
"281",28210,1963,"AKCLIM_EBS_EBSsumSE",0.229892473,"EBS","climate"
"282",28310,1964,"AKCLIM_EBS_EBSsumSE",0.208817204,"EBS","climate"
"283",28410,1965,"AKCLIM_EBS_EBSsumSE",0.150107527,"EBS","climate"
"284",28510,1966,"AKCLIM_EBS_EBSsumSE",0.27483871,"EBS","climate"
"285",28610,1967,"AKCLIM_EBS_EBSsumSE",0.183225806,"EBS","climate"
"286",28710,1968,"AKCLIM_EBS_EBSsumSE",0.19827957,"EBS","climate"
"287",28810,1969,"AKCLIM_EBS_EBSsumSE",0.202150538,"EBS","climate"
"288",28910,1970,"AKCLIM_EBS_EBSsumSE",0.21483871,"EBS","climate"
"289",29010,1971,"AKCLIM_EBS_EBSsumSE",0.242365591,"EBS","climate"
"290",29110,1972,"AKCLIM_EBS_EBSsumSE",0.144516129,"EBS","climate"
"291",29210,1973,"AKCLIM_EBS_EBSsumSE",0.209677419,"EBS","climate"
"292",29310,1974,"AKCLIM_EBS_EBSsumSE",0.211612903,"EBS","climate"
"293",29410,1975,"AKCLIM_EBS_EBSsumSE",0.229892473,"EBS","climate"
"294",29510,1976,"AKCLIM_EBS_EBSsumSE",0.189462366,"EBS","climate"
"295",29610,1977,"AKCLIM_EBS_EBSsumSE",0.23655914,"EBS","climate"
"296",29710,1978,"AKCLIM_EBS_EBSsumSE",0.18344086,"EBS","climate"
"297",29810,1979,"AKCLIM_EBS_EBSsumSE",0.084946237,"EBS","climate"
"298",29910,1980,"AKCLIM_EBS_EBSsumSE",0.175698925,"EBS","climate"
"299",30010,1981,"AKCLIM_EBS_EBSsumSE",0.210322581,"EBS","climate"
"300",30110,1982,"AKCLIM_EBS_EBSsumSE",0.118064516,"EBS","climate"
"301",30210,1983,"AKCLIM_EBS_EBSsumSE",0.149892473,"EBS","climate"
"302",30310,1984,"AKCLIM_EBS_EBSsumSE",0.175053763,"EBS","climate"
"303",30410,1985,"AKCLIM_EBS_EBSsumSE",0.137849462,"EBS","climate"
"304",30510,1986,"AKCLIM_EBS_EBSsumSE",0.110537634,"EBS","climate"
"305",30610,1987,"AKCLIM_EBS_EBSsumSE",0.249247312,"EBS","climate"
"306",30710,1988,"AKCLIM_EBS_EBSsumSE",0.170107527,"EBS","climate"
"307",30810,1989,"AKCLIM_EBS_EBSsumSE",0.124516129,"EBS","climate"
"308",30910,1990,"AKCLIM_EBS_EBSsumSE",0.164301075,"EBS","climate"
"309",31010,1991,"AKCLIM_EBS_EBSsumSE",0.215698925,"EBS","climate"
"310",31110,1992,"AKCLIM_EBS_EBSsumSE",0.163010753,"EBS","climate"
"311",31210,1993,"AKCLIM_EBS_EBSsumSE",0.144946237,"EBS","climate"
"312",31310,1994,"AKCLIM_EBS_EBSsumSE",0.190107527,"EBS","climate"
"313",31410,1995,"AKCLIM_EBS_EBSsumSE",0.202580645,"EBS","climate"
"314",31510,1996,"AKCLIM_EBS_EBSsumSE",0.190752688,"EBS","climate"
"315",31610,1997,"AKCLIM_EBS_EBSsumSE",0.151182796,"EBS","climate"
"316",31710,1998,"AKCLIM_EBS_EBSsumSE",0.208817204,"EBS","climate"
"317",31810,1999,"AKCLIM_EBS_EBSsumSE",0.177204301,"EBS","climate"
"318",31910,2000,"AKCLIM_EBS_EBSsumSE",0.14344086,"EBS","climate"
"319",32010,2001,"AKCLIM_EBS_EBSsumSE",0.235268817,"EBS","climate"
"320",32110,2002,"AKCLIM_EBS_EBSsumSE",0.176989247,"EBS","climate"
"321",32210,2003,"AKCLIM_EBS_EBSsumSE",0.183655914,"EBS","climate"
"322",32310,2004,"AKCLIM_EBS_EBSsumSE",0.190322581,"EBS","climate"
"323",32410,2005,"AKCLIM_EBS_EBSsumSE",0.208602151,"EBS","climate"
"324",32510,2006,"AKCLIM_EBS_EBSsumSE",0.295483871,"EBS","climate"
"325",32610,2007,"AKCLIM_EBS_EBSsumSE",0.260860215,"EBS","climate"
"326",32710,2008,"AKCLIM_EBS_EBSsumSE",0.254623656,"EBS","climate"
"327",32810,2009,"AKCLIM_EBS_EBSsumSE",0.190107527,"EBS","climate"
"328",32910,2010,"AKCLIM_EBS_EBSsumSE",0.091182796,"EBS","climate"
"329",33010,2011,"AKCLIM_EBS_EBSsumSE",0.164516129,"EBS","climate"
"330",33110,2012,"AKCLIM_EBS_EBSsumSE",0.280860215,"EBS","climate"
"331",33210,2013,"AKCLIM_EBS_EBSsumSE",0.183010753,"EBS","climate"
"332",33310,2014,"AKCLIM_EBS_EBSsumSE",0.26172043,"EBS","climate"
"333",33410,2015,"AKCLIM_EBS_EBSsumSE",0.223010753,"EBS","climate"
"334",33510,2016,"AKCLIM_EBS_EBSsumSE",0.215698925,"EBS","climate"
"335",33610,1950,"AKCLIM_EBS_EBSsumNW",0.266666667,"EBS","climate"
"336",33710,1951,"AKCLIM_EBS_EBSsumNW",0.091397849,"EBS","climate"
"337",33810,1952,"AKCLIM_EBS_EBSsumNW",0.209032258,"EBS","climate"
"338",33910,1953,"AKCLIM_EBS_EBSsumNW",0.156129032,"EBS","climate"
"339",34010,1954,"AKCLIM_EBS_EBSsumNW",0.207956989,"EBS","climate"
"340",34110,1955,"AKCLIM_EBS_EBSsumNW",0.164301075,"EBS","climate"
"341",34210,1956,"AKCLIM_EBS_EBSsumNW",0.158064516,"EBS","climate"
"342",34310,1957,"AKCLIM_EBS_EBSsumNW",0.129677419,"EBS","climate"
"343",34410,1958,"AKCLIM_EBS_EBSsumNW",0.104731183,"EBS","climate"
"344",34510,1959,"AKCLIM_EBS_EBSsumNW",0.11827957,"EBS","climate"
"345",34610,1960,"AKCLIM_EBS_EBSsumNW",0.143010753,"EBS","climate"
"346",34710,1961,"AKCLIM_EBS_EBSsumNW",0.182365591,"EBS","climate"
"347",34810,1962,"AKCLIM_EBS_EBSsumNW",0.221505376,"EBS","climate"
"348",34910,1963,"AKCLIM_EBS_EBSsumNW",0.143655914,"EBS","climate"
"349",35010,1964,"AKCLIM_EBS_EBSsumNW",0.202580645,"EBS","climate"
"350",35110,1965,"AKCLIM_EBS_EBSsumNW",0.190107527,"EBS","climate"
"351",35210,1966,"AKCLIM_EBS_EBSsumNW",0.137419355,"EBS","climate"
"352",35310,1967,"AKCLIM_EBS_EBSsumNW",0.137849462,"EBS","climate"
"353",35410,1968,"AKCLIM_EBS_EBSsumNW",0.180860215,"EBS","climate"
"354",35510,1969,"AKCLIM_EBS_EBSsumNW",0.151397849,"EBS","climate"
"355",35610,1970,"AKCLIM_EBS_EBSsumNW",0.163225806,"EBS","climate"
"356",35710,1971,"AKCLIM_EBS_EBSsumNW",0.150537634,"EBS","climate"
"357",35810,1972,"AKCLIM_EBS_EBSsumNW",0.209247312,"EBS","climate"
"358",35910,1973,"AKCLIM_EBS_EBSsumNW",0.169677419,"EBS","climate"
"359",36010,1974,"AKCLIM_EBS_EBSsumNW",0.208172043,"EBS","climate"
"360",36110,1975,"AKCLIM_EBS_EBSsumNW",0.123870968,"EBS","climate"
"361",36210,1976,"AKCLIM_EBS_EBSsumNW",0.247096774,"EBS","climate"
"362",36310,1977,"AKCLIM_EBS_EBSsumNW",0.149247312,"EBS","climate"
"363",36410,1978,"AKCLIM_EBS_EBSsumNW",0.221290323,"EBS","climate"
"364",36510,1979,"AKCLIM_EBS_EBSsumNW",0.215698925,"EBS","climate"
"365",36610,1980,"AKCLIM_EBS_EBSsumNW",0.177419355,"EBS","climate"
"366",36710,1981,"AKCLIM_EBS_EBSsumNW",0.129462366,"EBS","climate"
"367",36810,1982,"AKCLIM_EBS_EBSsumNW",0.23483871,"EBS","climate"
"368",36910,1983,"AKCLIM_EBS_EBSsumNW",0.104086022,"EBS","climate"
"369",37010,1984,"AKCLIM_EBS_EBSsumNW",0.106236559,"EBS","climate"
"370",37110,1985,"AKCLIM_EBS_EBSsumNW",0.150752688,"EBS","climate"
"371",37210,1986,"AKCLIM_EBS_EBSsumNW",0.215913978,"EBS","climate"
"372",37310,1987,"AKCLIM_EBS_EBSsumNW",0.156989247,"EBS","climate"
"373",37410,1988,"AKCLIM_EBS_EBSsumNW",0.228172043,"EBS","climate"
"374",37510,1989,"AKCLIM_EBS_EBSsumNW",0.149247312,"EBS","climate"
"375",37610,1990,"AKCLIM_EBS_EBSsumNW",0.278924731,"EBS","climate"
"376",37710,1991,"AKCLIM_EBS_EBSsumNW",0.077849462,"EBS","climate"
"377",37810,1992,"AKCLIM_EBS_EBSsumNW",0.144086022,"EBS","climate"
"378",37910,1993,"AKCLIM_EBS_EBSsumNW",0.129677419,"EBS","climate"
"379",38010,1994,"AKCLIM_EBS_EBSsumNW",0.124086022,"EBS","climate"
"380",38110,1995,"AKCLIM_EBS_EBSsumNW",0.117849462,"EBS","climate"
"381",38210,1996,"AKCLIM_EBS_EBSsumNW",0.189247312,"EBS","climate"
"382",38310,1997,"AKCLIM_EBS_EBSsumNW",0.201075269,"EBS","climate"
"383",38410,1998,"AKCLIM_EBS_EBSsumNW",0.143655914,"EBS","climate"
"384",38510,1999,"AKCLIM_EBS_EBSsumNW",0.183010753,"EBS","climate"
"385",38610,2000,"AKCLIM_EBS_EBSsumNW",0.144086022,"EBS","climate"
"386",38710,2001,"AKCLIM_EBS_EBSsumNW",0.091827957,"EBS","climate"
"387",38810,2002,"AKCLIM_EBS_EBSsumNW",0.143655914,"EBS","climate"
"388",38910,2003,"AKCLIM_EBS_EBSsumNW",0.176989247,"EBS","climate"
"389",39010,2004,"AKCLIM_EBS_EBSsumNW",0.228172043,"EBS","climate"
"390",39110,2005,"AKCLIM_EBS_EBSsumNW",0.143870968,"EBS","climate"
"391",39210,2006,"AKCLIM_EBS_EBSsumNW",0.091182796,"EBS","climate"
"392",39310,2007,"AKCLIM_EBS_EBSsumNW",0.170107527,"EBS","climate"
"393",39410,2008,"AKCLIM_EBS_EBSsumNW",0.098064516,"EBS","climate"
"394",39510,2009,"AKCLIM_EBS_EBSsumNW",0.175913978,"EBS","climate"
"395",39610,2010,"AKCLIM_EBS_EBSsumNW",0.209892473,"EBS","climate"
"396",39710,2011,"AKCLIM_EBS_EBSsumNW",0.183655914,"EBS","climate"
"397",39810,2012,"AKCLIM_EBS_EBSsumNW",0.064946237,"EBS","climate"
"398",39910,2013,"AKCLIM_EBS_EBSsumNW",0.138064516,"EBS","climate"
"399",40010,2014,"AKCLIM_EBS_EBSsumNW",0.130107527,"EBS","climate"
"400",40110,2015,"AKCLIM_EBS_EBSsumNW",0.194408602,"EBS","climate"
"401",40210,2016,"AKCLIM_EBS_EBSsumNW",0.124086022,"EBS","climate"
"402",11000,1950,"AKCLIM_EBS_ICE_64.25_163.5",77,"EBS","climate"
"403",21001,1951,"AKCLIM_EBS_ICE_64.25_163.5",74,"EBS","climate"
"404",31001,1952,"AKCLIM_EBS_ICE_64.25_163.5",82,"EBS","climate"
"405",41001,1953,"AKCLIM_EBS_ICE_64.25_163.5",100,"EBS","climate"
"406",5102,1954,"AKCLIM_EBS_ICE_64.25_163.5",100,"EBS","climate"
"407",6101,1955,"AKCLIM_EBS_ICE_64.25_163.5",97,"EBS","climate"
"408",7101,1956,"AKCLIM_EBS_ICE_64.25_163.5",100,"EBS","climate"
"409",8101,1957,"AKCLIM_EBS_ICE_64.25_163.5",100,"EBS","climate"
"410",9101,1958,"AKCLIM_EBS_ICE_64.25_163.5",95,"EBS","climate"
"411",10101,1959,"AKCLIM_EBS_ICE_64.25_163.5",100,"EBS","climate"
"412",11101,1960,"AKCLIM_EBS_ICE_64.25_163.5",90,"EBS","climate"
"413",12101,1961,"AKCLIM_EBS_ICE_64.25_163.5",100,"EBS","climate"
"414",13101,1962,"AKCLIM_EBS_ICE_64.25_163.5",100,"EBS","climate"
"415",14101,1963,"AKCLIM_EBS_ICE_64.25_163.5",100,"EBS","climate"
"416",15101,1964,"AKCLIM_EBS_ICE_64.25_163.5",97,"EBS","climate"
"417",16101,1965,"AKCLIM_EBS_ICE_64.25_163.5",100,"EBS","climate"
"418",17101,1966,"AKCLIM_EBS_ICE_64.25_163.5",71,"EBS","climate"
"419",18101,1967,"AKCLIM_EBS_ICE_64.25_163.5",100,"EBS","climate"
"420",19101,1968,"AKCLIM_EBS_ICE_64.25_163.5",92,"EBS","climate"
"421",20101,1969,"AKCLIM_EBS_ICE_64.25_163.5",95,"EBS","climate"
"422",21101,1970,"AKCLIM_EBS_ICE_64.25_163.5",92,"EBS","climate"
"423",22101,1971,"AKCLIM_EBS_ICE_64.25_163.5",84,"EBS","climate"
"424",23101,1972,"AKCLIM_EBS_ICE_64.25_163.5",92,"EBS","climate"
"425",24101,1973,"AKCLIM_EBS_ICE_64.25_163.5",95,"EBS","climate"
"426",25101,1974,"AKCLIM_EBS_ICE_64.25_163.5",90,"EBS","climate"
"427",26101,1975,"AKCLIM_EBS_ICE_64.25_163.5",95,"EBS","climate"
"428",27101,1976,"AKCLIM_EBS_ICE_64.25_163.5",92,"EBS","climate"
"429",28101,1977,"AKCLIM_EBS_ICE_64.25_163.5",93,"EBS","climate"
"430",29101,1978,"AKCLIM_EBS_ICE_64.25_163.5",100,"EBS","climate"
"431",30101,1979,"AKCLIM_EBS_ICE_64.25_163.5",65,"EBS","climate"
"432",31101,1980,"AKCLIM_EBS_ICE_64.25_163.5",70,"EBS","climate"
"433",32101,1981,"AKCLIM_EBS_ICE_64.25_163.5",73,"EBS","climate"
"434",33101,1982,"AKCLIM_EBS_ICE_64.25_163.5",93,"EBS","climate"
"435",34101,1983,"AKCLIM_EBS_ICE_64.25_163.5",78,"EBS","climate"
"436",35101,1984,"AKCLIM_EBS_ICE_64.25_163.5",82,"EBS","climate"
"437",36101,1985,"AKCLIM_EBS_ICE_64.25_163.5",80,"EBS","climate"
"438",37101,1986,"AKCLIM_EBS_ICE_64.25_163.5",80,"EBS","climate"
"439",38101,1987,"AKCLIM_EBS_ICE_64.25_163.5",87,"EBS","climate"
"440",39101,1988,"AKCLIM_EBS_ICE_64.25_163.5",78,"EBS","climate"
"441",40101,1989,"AKCLIM_EBS_ICE_64.25_163.5",68,"EBS","climate"
"442",41101,1990,"AKCLIM_EBS_ICE_64.25_163.5",90,"EBS","climate"
"443",42101,1991,"AKCLIM_EBS_ICE_64.25_163.5",90,"EBS","climate"
"444",43101,1992,"AKCLIM_EBS_ICE_64.25_163.5",97,"EBS","climate"
"445",44101,1993,"AKCLIM_EBS_ICE_64.25_163.5",80,"EBS","climate"
"446",45101,1994,"AKCLIM_EBS_ICE_64.25_163.5",70,"EBS","climate"
"447",46101,1995,"AKCLIM_EBS_ICE_64.25_163.5",85,"EBS","climate"
"448",47101,1996,"AKCLIM_EBS_ICE_64.25_163.5",69,"EBS","climate"
"449",48101,1997,"AKCLIM_EBS_ICE_64.25_163.5",70,"EBS","climate"
"450",49101,1998,"AKCLIM_EBS_ICE_64.25_163.5",75,"EBS","climate"
"451",5089,1999,"AKCLIM_EBS_ICE_64.25_163.5",92,"EBS","climate"
"452",5112,2000,"AKCLIM_EBS_ICE_64.25_163.5",60,"EBS","climate"
"453",5212,2001,"AKCLIM_EBS_ICE_64.25_163.5",82,"EBS","climate"
"454",5312,2002,"AKCLIM_EBS_ICE_64.25_163.5",72,"EBS","climate"
"455",5411,2003,"AKCLIM_EBS_ICE_64.25_163.5",58,"EBS","climate"
"456",5511,2004,"AKCLIM_EBS_ICE_64.25_163.5",73,"EBS","climate"
"457",5611,2005,"AKCLIM_EBS_ICE_64.25_163.5",71,"EBS","climate"
"458",5712,2006,"AKCLIM_EBS_ICE_64.25_163.5",81,"EBS","climate"
"459",5812,2007,"AKCLIM_EBS_ICE_64.25_163.5",72,"EBS","climate"
"460",5912,2008,"AKCLIM_EBS_ICE_64.25_163.5",86,"EBS","climate"
"461",6012,2009,"AKCLIM_EBS_ICE_64.25_163.5",79,"EBS","climate"
"462",6111,2010,"AKCLIM_EBS_ICE_64.25_163.5",87,"EBS","climate"
"463",6211,2011,"AKCLIM_EBS_ICE_64.25_163.5",78,"EBS","climate"
"464",6311,2012,"AKCLIM_EBS_ICE_64.25_163.5",83,"EBS","climate"
"465",6411,2013,"AKCLIM_EBS_ICE_64.25_163.5",75,"EBS","climate"
"466",6511,2014,"AKCLIM_EBS_ICE_64.25_163.5",72,"EBS","climate"
"467",6611,2015,"AKCLIM_EBS_ICE_64.25_163.5",71,"EBS","climate"
"468",6711,2016,"AKCLIM_EBS_ICE_64.25_163.5",53,"EBS","climate"
"469",6811,1950,"AKCLIM_EBS_ICE_58.75_170.5",35,"EBS","climate"
"470",6911,1951,"AKCLIM_EBS_ICE_58.75_170.5",34,"EBS","climate"
"471",7011,1952,"AKCLIM_EBS_ICE_58.75_170.5",35,"EBS","climate"
"472",7111,1953,"AKCLIM_EBS_ICE_58.75_170.5",83,"EBS","climate"
"473",7211,1954,"AKCLIM_EBS_ICE_58.75_170.5",53,"EBS","climate"
"474",7311,1955,"AKCLIM_EBS_ICE_58.75_170.5",42,"EBS","climate"
"475",7411,1956,"AKCLIM_EBS_ICE_58.75_170.5",92,"EBS","climate"
"476",7511,1957,"AKCLIM_EBS_ICE_58.75_170.5",72,"EBS","climate"
"477",7611,1958,"AKCLIM_EBS_ICE_58.75_170.5",56,"EBS","climate"
"478",7711,1959,"AKCLIM_EBS_ICE_58.75_170.5",38,"EBS","climate"
"479",7811,1960,"AKCLIM_EBS_ICE_58.75_170.5",32,"EBS","climate"
"480",7911,1961,"AKCLIM_EBS_ICE_58.75_170.5",79,"EBS","climate"
"481",8011,1962,"AKCLIM_EBS_ICE_58.75_170.5",35,"EBS","climate"
"482",8111,1963,"AKCLIM_EBS_ICE_58.75_170.5",68,"EBS","climate"
"483",8211,1964,"AKCLIM_EBS_ICE_58.75_170.5",85,"EBS","climate"
"484",8311,1965,"AKCLIM_EBS_ICE_58.75_170.5",68,"EBS","climate"
"485",8411,1966,"AKCLIM_EBS_ICE_58.75_170.5",35,"EBS","climate"
"486",8511,1967,"AKCLIM_EBS_ICE_58.75_170.5",0,"EBS","climate"
"487",8611,1968,"AKCLIM_EBS_ICE_58.75_170.5",63,"EBS","climate"
"488",8711,1969,"AKCLIM_EBS_ICE_58.75_170.5",59,"EBS","climate"
"489",8811,1970,"AKCLIM_EBS_ICE_58.75_170.5",50,"EBS","climate"
"490",8911,1971,"AKCLIM_EBS_ICE_58.75_170.5",90,"EBS","climate"
"491",9011,1972,"AKCLIM_EBS_ICE_58.75_170.5",88,"EBS","climate"
"492",9111,1973,"AKCLIM_EBS_ICE_58.75_170.5",72,"EBS","climate"
"493",9211,1974,"AKCLIM_EBS_ICE_58.75_170.5",77,"EBS","climate"
"494",9311,1975,"AKCLIM_EBS_ICE_58.75_170.5",89,"EBS","climate"
"495",9411,1976,"AKCLIM_EBS_ICE_58.75_170.5",90,"EBS","climate"
"496",9511,1977,"AKCLIM_EBS_ICE_58.75_170.5",35,"EBS","climate"
"497",9611,1978,"AKCLIM_EBS_ICE_58.75_170.5",46,"EBS","climate"
"498",9711,1979,"AKCLIM_EBS_ICE_58.75_170.5",0,"EBS","climate"
"499",9811,1980,"AKCLIM_EBS_ICE_58.75_170.5",51,"EBS","climate"
"500",9911,1981,"AKCLIM_EBS_ICE_58.75_170.5",23,"EBS","climate"
"501",10011,1982,"AKCLIM_EBS_ICE_58.75_170.5",16,"EBS","climate"
"502",10111,1983,"AKCLIM_EBS_ICE_58.75_170.5",33,"EBS","climate"
"503",10211,1984,"AKCLIM_EBS_ICE_58.75_170.5",63,"EBS","climate"
"504",10311,1985,"AKCLIM_EBS_ICE_58.75_170.5",39,"EBS","climate"
"505",10411,1986,"AKCLIM_EBS_ICE_58.75_170.5",61,"EBS","climate"
"506",10511,1987,"AKCLIM_EBS_ICE_58.75_170.5",15,"EBS","climate"
"507",10611,1988,"AKCLIM_EBS_ICE_58.75_170.5",50,"EBS","climate"
"508",10711,1989,"AKCLIM_EBS_ICE_58.75_170.5",0,"EBS","climate"
"509",10811,1990,"AKCLIM_EBS_ICE_58.75_170.5",42,"EBS","climate"
"510",10911,1991,"AKCLIM_EBS_ICE_58.75_170.5",62,"EBS","climate"
"511",11011,1992,"AKCLIM_EBS_ICE_58.75_170.5",64,"EBS","climate"
"512",11111,1993,"AKCLIM_EBS_ICE_58.75_170.5",38,"EBS","climate"
"513",11211,1994,"AKCLIM_EBS_ICE_58.75_170.5",33,"EBS","climate"
"514",11311,1995,"AKCLIM_EBS_ICE_58.75_170.5",68,"EBS","climate"
"515",11411,1996,"AKCLIM_EBS_ICE_58.75_170.5",5,"EBS","climate"
"516",11511,1997,"AKCLIM_EBS_ICE_58.75_170.5",57,"EBS","climate"
"517",11611,1998,"AKCLIM_EBS_ICE_58.75_170.5",26,"EBS","climate"
"518",11711,1999,"AKCLIM_EBS_ICE_58.75_170.5",42,"EBS","climate"
"519",11811,2000,"AKCLIM_EBS_ICE_58.75_170.5",0,"EBS","climate"
"520",11911,2001,"AKCLIM_EBS_ICE_58.75_170.5",0,"EBS","climate"
"521",12011,2002,"AKCLIM_EBS_ICE_58.75_170.5",5,"EBS","climate"
"522",12111,2003,"AKCLIM_EBS_ICE_58.75_170.5",0,"EBS","climate"
"523",12211,2004,"AKCLIM_EBS_ICE_58.75_170.5",6,"EBS","climate"
"524",12311,2005,"AKCLIM_EBS_ICE_58.75_170.5",0,"EBS","climate"
"525",12411,2006,"AKCLIM_EBS_ICE_58.75_170.5",0,"EBS","climate"
"526",12511,2007,"AKCLIM_EBS_ICE_58.75_170.5",59,"EBS","climate"
"527",12611,2008,"AKCLIM_EBS_ICE_58.75_170.5",84,"EBS","climate"
"528",12711,2009,"AKCLIM_EBS_ICE_58.75_170.5",10,"EBS","climate"
"529",12811,2010,"AKCLIM_EBS_ICE_58.75_170.5",80,"EBS","climate"
"530",12911,2011,"AKCLIM_EBS_ICE_58.75_170.5",51,"EBS","climate"
"531",13011,2012,"AKCLIM_EBS_ICE_58.75_170.5",80,"EBS","climate"
"532",13111,2013,"AKCLIM_EBS_ICE_58.75_170.5",85,"EBS","climate"
"533",13211,2014,"AKCLIM_EBS_ICE_58.75_170.5",34,"EBS","climate"
"534",13311,2015,"AKCLIM_EBS_ICE_58.75_170.5",32,"EBS","climate"
"535",13411,2016,"AKCLIM_EBS_ICE_58.75_170.5",1,"EBS","climate"
"536",13511,1950,"AKCLIM_EBS_ICE_57.75_164.5",24,"EBS","climate"
"537",13611,1951,"AKCLIM_EBS_ICE_57.75_164.5",22,"EBS","climate"
"538",13711,1952,"AKCLIM_EBS_ICE_57.75_164.5",22,"EBS","climate"
"539",13811,1953,"AKCLIM_EBS_ICE_57.75_164.5",58,"EBS","climate"
"540",13911,1954,"AKCLIM_EBS_ICE_57.75_164.5",43,"EBS","climate"
"541",14011,1955,"AKCLIM_EBS_ICE_57.75_164.5",35,"EBS","climate"
"542",14111,1956,"AKCLIM_EBS_ICE_57.75_164.5",88,"EBS","climate"
"543",14211,1957,"AKCLIM_EBS_ICE_57.75_164.5",68,"EBS","climate"
"544",14311,1958,"AKCLIM_EBS_ICE_57.75_164.5",35,"EBS","climate"
"545",14411,1959,"AKCLIM_EBS_ICE_57.75_164.5",74,"EBS","climate"
"546",14511,1960,"AKCLIM_EBS_ICE_57.75_164.5",35,"EBS","climate"
"547",14611,1961,"AKCLIM_EBS_ICE_57.75_164.5",57,"EBS","climate"
"548",14711,1962,"AKCLIM_EBS_ICE_57.75_164.5",41,"EBS","climate"
"549",14811,1963,"AKCLIM_EBS_ICE_57.75_164.5",74,"EBS","climate"
"550",14911,1964,"AKCLIM_EBS_ICE_57.75_164.5",68,"EBS","climate"
"551",15011,1965,"AKCLIM_EBS_ICE_57.75_164.5",29,"EBS","climate"
"552",15111,1966,"AKCLIM_EBS_ICE_57.75_164.5",54,"EBS","climate"
"553",15211,1967,"AKCLIM_EBS_ICE_57.75_164.5",19,"EBS","climate"
"554",15311,1968,"AKCLIM_EBS_ICE_57.75_164.5",31,"EBS","climate"
"555",15411,1969,"AKCLIM_EBS_ICE_57.75_164.5",32,"EBS","climate"
"556",15511,1970,"AKCLIM_EBS_ICE_57.75_164.5",44,"EBS","climate"
"557",15611,1971,"AKCLIM_EBS_ICE_57.75_164.5",91,"EBS","climate"
"558",15711,1972,"AKCLIM_EBS_ICE_57.75_164.5",75,"EBS","climate"
"559",15811,1973,"AKCLIM_EBS_ICE_57.75_164.5",41,"EBS","climate"
"560",15911,1974,"AKCLIM_EBS_ICE_57.75_164.5",84,"EBS","climate"
"561",16011,1975,"AKCLIM_EBS_ICE_57.75_164.5",70,"EBS","climate"
"562",16111,1976,"AKCLIM_EBS_ICE_57.75_164.5",87,"EBS","climate"
"563",16211,1977,"AKCLIM_EBS_ICE_57.75_164.5",7,"EBS","climate"
"564",16311,1978,"AKCLIM_EBS_ICE_57.75_164.5",9,"EBS","climate"
"565",16411,1979,"AKCLIM_EBS_ICE_57.75_164.5",0,"EBS","climate"
"566",16511,1980,"AKCLIM_EBS_ICE_57.75_164.5",27,"EBS","climate"
"567",16611,1981,"AKCLIM_EBS_ICE_57.75_164.5",0,"EBS","climate"
"568",16711,1982,"AKCLIM_EBS_ICE_57.75_164.5",42,"EBS","climate"
"569",16811,1983,"AKCLIM_EBS_ICE_57.75_164.5",5,"EBS","climate"
"570",16911,1984,"AKCLIM_EBS_ICE_57.75_164.5",29,"EBS","climate"
"571",17011,1985,"AKCLIM_EBS_ICE_57.75_164.5",26,"EBS","climate"
"572",17111,1986,"AKCLIM_EBS_ICE_57.75_164.5",43,"EBS","climate"
"573",17211,1987,"AKCLIM_EBS_ICE_57.75_164.5",0,"EBS","climate"
"574",17311,1988,"AKCLIM_EBS_ICE_57.75_164.5",35,"EBS","climate"
"575",17411,1989,"AKCLIM_EBS_ICE_57.75_164.5",6,"EBS","climate"
"576",17511,1990,"AKCLIM_EBS_ICE_57.75_164.5",34,"EBS","climate"
"577",17611,1991,"AKCLIM_EBS_ICE_57.75_164.5",26,"EBS","climate"
"578",17711,1992,"AKCLIM_EBS_ICE_57.75_164.5",49,"EBS","climate"
"579",17811,1993,"AKCLIM_EBS_ICE_57.75_164.5",0,"EBS","climate"
"580",17911,1994,"AKCLIM_EBS_ICE_57.75_164.5",22,"EBS","climate"
"581",18011,1995,"AKCLIM_EBS_ICE_57.75_164.5",37,"EBS","climate"
"582",18111,1996,"AKCLIM_EBS_ICE_57.75_164.5",0,"EBS","climate"
"583",18211,1997,"AKCLIM_EBS_ICE_57.75_164.5",26,"EBS","climate"
"584",18311,1998,"AKCLIM_EBS_ICE_57.75_164.5",0,"EBS","climate"
"585",18411,1999,"AKCLIM_EBS_ICE_57.75_164.5",83,"EBS","climate"
"586",18511,2000,"AKCLIM_EBS_ICE_57.75_164.5",0,"EBS","climate"
"587",18611,2001,"AKCLIM_EBS_ICE_57.75_164.5",0,"EBS","climate"
"588",18711,2002,"AKCLIM_EBS_ICE_57.75_164.5",0,"EBS","climate"
"589",18811,2003,"AKCLIM_EBS_ICE_57.75_164.5",0,"EBS","climate"
"590",18911,2004,"AKCLIM_EBS_ICE_57.75_164.5",0,"EBS","climate"
"591",19011,2005,"AKCLIM_EBS_ICE_57.75_164.5",0,"EBS","climate"
"592",19111,2006,"AKCLIM_EBS_ICE_57.75_164.5",0,"EBS","climate"
"593",19211,2007,"AKCLIM_EBS_ICE_57.75_164.5",54,"EBS","climate"
"594",19311,2008,"AKCLIM_EBS_ICE_57.75_164.5",79,"EBS","climate"
"595",19411,2009,"AKCLIM_EBS_ICE_57.75_164.5",13,"EBS","climate"
"596",19511,2010,"AKCLIM_EBS_ICE_57.75_164.5",72,"EBS","climate"
"597",19611,2011,"AKCLIM_EBS_ICE_57.75_164.5",70,"EBS","climate"
"598",19711,2012,"AKCLIM_EBS_ICE_57.75_164.5",82,"EBS","climate"
"599",19811,2013,"AKCLIM_EBS_ICE_57.75_164.5",75,"EBS","climate"
"600",19911,2014,"AKCLIM_EBS_ICE_57.75_164.5",0,"EBS","climate"
"601",20011,2015,"AKCLIM_EBS_ICE_57.75_164.5",0,"EBS","climate"
"602",20111,2016,"AKCLIM_EBS_ICE_57.75_164.5",0,"EBS","climate"
